{
  "additionalFiles": "",
  "builtInLibrariesFolders": "C:\\Program Files (x86)\\Arduino\\libraries",
  "customBuildProperties": "build.path=c:\\Users\\computing\\Documents\\IoTWorkbenchProjects\\projects\\MXChipProject\\Device\\.build\\MXCHIP_AZ3166,build.warn_data_percentage=75,runtime.tools.openocd.path=C:\\Users\\computing\\AppData\\Local\\Arduino15\\packages\\AZ3166\\tools\\openocd\\0.10.0,runtime.tools.openocd-0.10.0.path=C:\\Users\\computing\\AppData\\Local\\Arduino15\\packages\\AZ3166\\tools\\openocd\\0.10.0,runtime.tools.arm-none-eabi-gcc.path=C:\\Users\\computing\\AppData\\Local\\Arduino15\\packages\\AZ3166\\tools\\arm-none-eabi-gcc\\5_4-2016q3,runtime.tools.arm-none-eabi-gcc-5_4-2016q3.path=C:\\Users\\computing\\AppData\\Local\\Arduino15\\packages\\AZ3166\\tools\\arm-none-eabi-gcc\\5_4-2016q3",
  "fqbn": "AZ3166:stm32f4:MXCHIP_AZ3166:upload_method=OpenOCDMethod",
  "hardwareFolders": "C:\\Program Files (x86)\\Arduino\\hardware,C:\\Users\\computing\\AppData\\Local\\Arduino15\\packages",
  "otherLibrariesFolders": "C:\\Users\\computing\\Documents\\Arduino\\libraries",
  "runtime.ide.version": "10810",
  "sketchLocation": "c:\\Users\\computing\\Documents\\IoTWorkbenchProjects\\projects\\MXChipProject\\Device\\device.ino",
  "toolsFolders": "C:\\Program Files (x86)\\Arduino\\tools-builder,C:\\Program Files (x86)\\Arduino\\hardware\\tools\\avr,C:\\Users\\computing\\AppData\\Local\\Arduino15\\packages"
}