{
  "additionalFiles": "",
  "builtInLibrariesFolders": "C:\\Program Files (x86)\\Arduino\\libraries",
  "builtInToolsFolders": "C:\\Program Files (x86)\\Arduino\\tools-builder,C:\\Program Files (x86)\\Arduino\\hardware\\tools\\avr,C:\\Users\\Ghost\\AppData\\Local\\Arduino15\\packages",
  "customBuildProperties": "build.path=c:\\Users\\Ghost\\OneDrive - University of Lincoln\\Year 2 second half\\iNTERNET of Things\\Week 3\\WorkShop\\SensorDevelpoment\\Device\\.build,build.warn_data_percentage=75,runtime.tools.openocd.path=C:\\Users\\Ghost\\AppData\\Local\\Arduino15\\packages\\AZ3166\\tools\\openocd\\0.10.0,runtime.tools.openocd-0.10.0.path=C:\\Users\\Ghost\\AppData\\Local\\Arduino15\\packages\\AZ3166\\tools\\openocd\\0.10.0,runtime.tools.arm-none-eabi-gcc.path=C:\\Users\\Ghost\\AppData\\Local\\Arduino15\\packages\\AZ3166\\tools\\arm-none-eabi-gcc\\5_4-2016q3,runtime.tools.arm-none-eabi-gcc-5_4-2016q3.path=C:\\Users\\Ghost\\AppData\\Local\\Arduino15\\packages\\AZ3166\\tools\\arm-none-eabi-gcc\\5_4-2016q3",
  "fqbn": "AZ3166:stm32f4:MXCHIP_AZ3166:upload_method=OpenOCDMethod",
  "hardwareFolders": "C:\\Program Files (x86)\\Arduino\\hardware,C:\\Users\\Ghost\\AppData\\Local\\Arduino15\\packages",
  "otherLibrariesFolders": "C:\\Users\\Ghost\\OneDrive\\Documents\\Arduino\\libraries",
  "runtime.ide.version": "10811",
  "sketchLocation": "c:\\Users\\Ghost\\OneDrive - University of Lincoln\\Year 2 second half\\iNTERNET of Things\\Week 3\\WorkShop\\SensorDevelpoment\\Device\\device.ino"
}